Christopher Anderson,Denmark,NepalRegion1,2
Pamela Kelly,French Southern Territories,AzerbaijanRegion4,3
Dr. Timothy Norris,Guam,ReunionRegion4,3
Rebecca Herrera MD,Jamaica,MartiniqueRegion4,5
Samantha Davis,Lesotho,LatviaRegion3,3
William Thompson,Saint Lucia,Northern Mariana IslandsRegion2,2
Ryan Nguyen,Poland,MicronesiaRegion4,2
Alexander Gonzalez,Guyana,RomaniaRegion3,2
Adam Ross,Nicaragua,AfghanistanRegion2,1
Dustin Walsh,Belgium,MoroccoRegion3,5
Sara Carroll,Monaco,GermanyRegion1,4
Deborah Blanchard,Malta,MacaoRegion5,3
Angel Smith,Jersey,MicronesiaRegion2,3
Laura Allen DVM,Estonia,United States Virgin IslandsRegion1,5
Valerie Lawrence,Guyana,Bosnia and HerzegovinaRegion1,1
Olivia Flores,Congo,Cocos (Keeling) IslandsRegion2,3
Cheryl White,France,MexicoRegion5,4
Russell Snyder,Finland,BahamasRegion1,1
Janet White,Austria,United States of AmericaRegion1,1
Marc Mccormick,Palau,Antarctica (the territory South of 60 deg S)Region2,3
Matthew Howell,Uganda,ArmeniaRegion4,3
Jeffery Reed,Grenada,Cayman IslandsRegion1,5
Dr. Eric Martin,Turks and Caicos Islands,TuvaluRegion1,5
Donna Mitchell,Algeria,Cocos (Keeling) IslandsRegion5,1
Kelly Dixon,Portugal,ParaguayRegion3,4
Justin Beck,New Zealand,SwitzerlandRegion5,5
William Schwartz,Palestinian Territory,ArubaRegion1,2
Joshua Rodriguez,Haiti,LithuaniaRegion5,2
Christine Brown,Sao Tome and Principe,SurinameRegion1,1
Karen Miles,Croatia,MalaysiaRegion1,1
Kevin Garrett,Liberia,MaldivesRegion4,2
Jonathan Shah,Canada,AzerbaijanRegion1,1
Megan Parker,Peru,MacaoRegion4,2
John Long,French Guiana,Burkina FasoRegion4,5
Joshua Peters,Heard Island and McDonald Islands,MontenegroRegion2,1
Maria Moore,Belgium,HaitiRegion5,4
Todd Callahan,Nauru,Cape VerdeRegion1,3
Matthew Wilson,Nauru,ItalyRegion4,1
Patricia Martin,Svalbard & Jan Mayen Islands,SerbiaRegion1,5
David Hoover,Barbados,UruguayRegion2,3
Samantha Simmons,Zambia,PanamaRegion3,1
Curtis Murphy,Reunion,BahrainRegion4,1
Joshua Wiggins,Puerto Rico,GeorgiaRegion5,1
Mark Smith,Solomon Islands,Northern Mariana IslandsRegion5,1
Natalie Harrison,Maldives,BoliviaRegion4,5
Tracey Cooper,Martinique,Slovakia (Slovak Republic)Region5,2
Steven Brown,Honduras,PhilippinesRegion5,3
Alan Long,Panama,NiueRegion1,2
Wayne Brown,Cameroon,Puerto RicoRegion3,1
Colin Long,Ukraine,SloveniaRegion2,4
Matthew Huffman,Cuba,Sierra LeoneRegion1,2
Jennifer Jones,Eritrea,NepalRegion3,5
Bobby Summers MD,Gabon,YemenRegion2,1
Joyce Gonzales,British Indian Ocean Territory (Chagos Archipelago),Falkland Islands (Malvinas)Region1,3
Dr. Darin Mcneil,United States of America,Czech RepublicRegion1,1
Russell Ramsey,Cameroon,LatviaRegion4,3
Shelley George,Bahrain,Sao Tome and PrincipeRegion5,5
Lauren Rodriguez,Iran,GuernseyRegion5,4
Stephanie Hicks,Burkina Faso,United States of AmericaRegion1,3
Jill Ward,Cayman Islands,FranceRegion4,3
Sally Levine,Bulgaria,KoreaRegion4,2
Sandy Small,Belarus,CyprusRegion1,2
Douglas Carr,Nauru,EcuadorRegion3,4
Michael Williams,Tokelau,Saint LuciaRegion5,1
Luke Martinez,Croatia,KenyaRegion4,5
Eric Ford,Macedonia,MonacoRegion4,3
Richard Davis,Philippines,San MarinoRegion3,3
William Mason,Lithuania,TunisiaRegion3,4
John Boyer,Moldova,CambodiaRegion2,4
Janet Woods,Tanzania,Pitcairn IslandsRegion3,1
Joshua Diaz,Mauritania,GreenlandRegion2,2
Ronald Cobb,Bahrain,IcelandRegion2,2
Ronald Martinez,El Salvador,KiribatiRegion2,3
Matthew Blair,British Indian Ocean Territory (Chagos Archipelago),Svalbard & Jan Mayen IslandsRegion5,2
Angela Williams,Yemen,GuyanaRegion3,3
Tammy Morris,Norfolk Island,Burkina FasoRegion1,3
Christopher Johnston,Bangladesh,United Arab EmiratesRegion5,1
Michael Herrera,Malawi,GreeceRegion3,5
Anthony Phillips,Bahamas,United States Virgin IslandsRegion2,1
Rebecca Garcia,Vietnam,KuwaitRegion4,1
Timothy Rivera,Equatorial Guinea,Sri LankaRegion4,3
Amanda Knight,Cote d'Ivoire,Syrian Arab RepublicRegion4,1
Robert Walter,Aruba,VietnamRegion2,3
Barbara Williams,Switzerland,Syrian Arab RepublicRegion1,5
Thomas Cooley,Denmark,ArmeniaRegion4,1
Barbara Johnson,Guatemala,Cook IslandsRegion5,4
Corey Jones,Gambia,American SamoaRegion1,3
Crystal Mcknight,Cote d'Ivoire,ParaguayRegion4,3
Beth Brown,Egypt,MyanmarRegion4,4
Sharon Suarez,Niue,FinlandRegion4,5
Shane Collins,Cocos (Keeling) Islands,MoroccoRegion5,4
Hannah Smith,Spain,MontserratRegion2,5
Sandra Webb,Greenland,RomaniaRegion1,5
Angela Young,Syrian Arab Republic,United KingdomRegion5,2
Patrick Soto,Martinique,ArmeniaRegion1,1
Brandon Smith,Christmas Island,El SalvadorRegion2,5
Jennifer Hamilton,Macao,Papua New GuineaRegion2,2
Caleb Rodriguez,Barbados,Holy See (Vatican City State)Region5,3
Madison Ryan,Botswana,United States Minor Outlying IslandsRegion4,1
Michelle Myers,Fiji,AustriaRegion5,3
David Graves,Holy See (Vatican City State),Libyan Arab JamahiriyaRegion1,3
Michael Garcia,French Polynesia,AzerbaijanRegion4,3
Lisa Hernandez,Swaziland,Saint BarthelemyRegion5,2
Mark Jackson,Saint Barthelemy,TogoRegion4,5
Walter Mcmahon,Somalia,Cocos (Keeling) IslandsRegion3,2
Kristie Alvarez,Russian Federation,Sierra LeoneRegion2,3
George Miller,Kiribati,GuyanaRegion3,5
Jason Cole,Zambia,SpainRegion4,1
Brenda Hoffman MD,Papua New Guinea,BhutanRegion5,4
Stacey Wilson,Liechtenstein,GambiaRegion3,5
Christine Ramos,Armenia,BermudaRegion5,1
Paul Reed,Micronesia,French GuianaRegion1,5
Laura Ramirez,El Salvador,ChadRegion2,5
Laura Hernandez,Ecuador,FijiRegion5,2
Paul Stewart,Bolivia,GambiaRegion4,2
Carrie Rivera,Andorra,SamoaRegion5,5
Michael Gilmore,Taiwan,RomaniaRegion3,1
Michael Miller,Belgium,VanuatuRegion4,5
Amy Alvarez,Saint Vincent and the Grenadines,NauruRegion3,4
Kyle Fuller,Oman,TajikistanRegion1,3
Troy Yates,Djibouti,GrenadaRegion4,3
Lori Miller,Togo,Libyan Arab JamahiriyaRegion4,2
Karen Cobb DVM,Australia,IndonesiaRegion5,1
Nicholas Nguyen,Liechtenstein,TunisiaRegion2,5
Michael Miller,Heard Island and McDonald Islands,LithuaniaRegion5,1
Jessica Hogan,Lithuania,UzbekistanRegion3,1
April Bauer,Gabon,KoreaRegion3,1
Taylor Hopkins,Saint Kitts and Nevis,Libyan Arab JamahiriyaRegion2,4
Jeffrey Walker,Djibouti,HaitiRegion1,4
Alfred Parker,Comoros,Cape VerdeRegion1,5
Mary Brooks,Egypt,Cook IslandsRegion5,4
Angela Smith,Guinea-Bissau,BarbadosRegion1,4
Kenneth Hicks,Saint Vincent and the Grenadines,Saint Kitts and NevisRegion5,4
Mr. David Dunn,Mexico,Bosnia and HerzegovinaRegion4,4
Andre Holmes,Greece,French GuianaRegion3,5
Kathy Dominguez MD,Luxembourg,BrazilRegion2,2
David Bush,Bouvet Island (Bouvetoya),MadagascarRegion2,3
Amanda Webb,Vanuatu,United Arab EmiratesRegion3,2
Calvin Thomas,Kenya,AfghanistanRegion5,3
Jeffrey Roberts,Pakistan,LuxembourgRegion2,4
Blake Cantrell,Honduras,BrazilRegion4,4
Pamela Cook,Monaco,South Georgia and the South Sandwich IslandsRegion1,1
Jordan Powers,Uganda,GibraltarRegion2,1
Peter Davis,Holy See (Vatican City State),United States Virgin IslandsRegion5,1
Rebecca Dillon,Costa Rica,French Southern TerritoriesRegion1,5
Logan Adams,Mozambique,HaitiRegion4,5
Amanda Williams,Thailand,MacaoRegion2,1
Matthew Chavez,Suriname,QatarRegion1,3
Gary Dean,Cocos (Keeling) Islands,Faroe IslandsRegion4,2
Stacey Lloyd,Tonga,SamoaRegion2,4
Kathy Yang,Malaysia,Saint Vincent and the GrenadinesRegion1,4
Zachary Garcia,Mayotte,GhanaRegion5,1
Kathy Reeves,Macao,CongoRegion1,4
Ashley Jordan,Botswana,SamoaRegion5,3
Kim Bailey,Netherlands Antilles,United States of AmericaRegion1,1
Joseph Powell,Sri Lanka,IranRegion3,4
Melissa Keith,Guam,BelgiumRegion2,3
Kevin Phillips DDS,Micronesia,CambodiaRegion1,1
Brian Larson,Costa Rica,Christmas IslandRegion3,4
Anna Mccullough,Lesotho,TuvaluRegion1,1
Michelle Tapia,Samoa,SerbiaRegion4,1
Tammy Cooper,Maldives,CyprusRegion2,2
Christopher Gonzalez,Bouvet Island (Bouvetoya),Isle of ManRegion1,5
Philip Jones,Wallis and Futuna,TogoRegion2,5
Antonio Reyes,Estonia,TurkeyRegion3,1
Maria Jackson DVM,Timor-Leste,DjiboutiRegion5,3
Barbara Smith,Holy See (Vatican City State),KenyaRegion4,4
Mr. John Murphy,Liberia,UgandaRegion2,5
Nicole Miller,Switzerland,CroatiaRegion3,4
Michael Padilla,Malawi,SerbiaRegion4,5
Jessica Stevens,Guam,Brunei DarussalamRegion5,1
Julie Sutton MD,Norway,Saint LuciaRegion5,4
Matthew Lee,Trinidad and Tobago,Guinea-BissauRegion1,2
Elizabeth Green,Botswana,DominicaRegion4,5
Kenneth Warren,Seychelles,KazakhstanRegion4,3
Grace Jacobs,India,EritreaRegion1,3
Stephanie Walsh,Svalbard & Jan Mayen Islands,TogoRegion1,2
Gabriel Townsend,Italy,SerbiaRegion3,4
Amanda Lin,Rwanda,KoreaRegion4,4
Jonathan Alvarado,Poland,ChinaRegion2,3
Rebecca Parker,San Marino,MexicoRegion4,2
Corey Ramsey,United Kingdom,BurundiRegion1,3
Jennifer Hoffman,Marshall Islands,NepalRegion3,2
Cynthia Sanchez,Finland,BurundiRegion2,5
Morgan Miller,Mauritius,BoliviaRegion2,3
Donald Ashley,Montserrat,Cocos (Keeling) IslandsRegion2,3
Jennifer Evans,Norfolk Island,South Georgia and the South Sandwich IslandsRegion2,2
Lisa Jackson,Estonia,UkraineRegion5,1
Lawrence Martinez,China,MartiniqueRegion3,1
Colin Santiago,Belgium,VenezuelaRegion3,3
Amy Walls,Romania,UzbekistanRegion4,4
Kevin Potts,Timor-Leste,AnguillaRegion2,4
Amber Lewis,India,FinlandRegion5,5
Christina Martinez,Denmark,Pitcairn IslandsRegion1,4
Jennifer Collins,Greenland,BurundiRegion4,1
Christopher King,Jordan,Norfolk IslandRegion1,2
Jennifer Garza,Ethiopia,United States of AmericaRegion2,4
Ann Mcgrath,Ethiopia,AlgeriaRegion1,3
Rebecca Gonzalez PhD,Palau,GeorgiaRegion1,5
Timothy Copeland,United States Minor Outlying Islands,PakistanRegion4,4
Dale Cunningham,Jersey,ThailandRegion5,5
Johnny Carlson,Haiti,UgandaRegion2,3
Nicholas Boyer,Montserrat,GrenadaRegion5,3
Kristen Kennedy,Sri Lanka,SwedenRegion3,4
Cassidy Smith,Marshall Islands,Brunei DarussalamRegion5,1
Riley Schroeder,Lithuania,British Indian Ocean Territory (Chagos Archipelago)Region4,5
Alex Irwin,Tanzania,Cote d'IvoireRegion2,1
Kathleen Salas,Moldova,MauritaniaRegion4,5
Edward Hines,Russian Federation,United States of AmericaRegion2,4
Luis Bailey,Costa Rica,MalaysiaRegion5,3
Randall Miller,Lithuania,ArgentinaRegion2,2
Kathleen Yates,Vietnam,Holy See (Vatican City State)Region3,3
Tami Dorsey,Barbados,New ZealandRegion3,5
Matthew Lawrence,Togo,TunisiaRegion1,4
Laura Brown,Afghanistan,ReunionRegion3,3
Amber Hill,Cayman Islands,MoldovaRegion4,5
Sara Hernandez,Tuvalu,SenegalRegion5,5
Lisa Bell,Djibouti,NetherlandsRegion5,2
Tiffany Fernandez,China,El SalvadorRegion2,2
Mark Ramirez,Argentina,MoldovaRegion3,5
Steven Floyd,Turks and Caicos Islands,BrazilRegion4,1
Robert Ruiz,United Arab Emirates,Cocos (Keeling) IslandsRegion3,4
Courtney Coleman,Cape Verde,UzbekistanRegion4,4
Vincent Guerrero,Niue,El SalvadorRegion2,2
Jennifer Lam,Palau,PolandRegion3,2
Thomas Smith,Canada,El SalvadorRegion2,4
Shannon Snyder,New Zealand,VietnamRegion4,2
Linda White,Cayman Islands,Central African RepublicRegion1,3
Andrew Woods,Seychelles,PakistanRegion1,3
Melissa Webb,Guam,Falkland Islands (Malvinas)Region5,2
Denise Gonzales,New Caledonia,EthiopiaRegion3,5
Linda Tyler,Macao,Sri LankaRegion1,4
Dr. Victoria Gray,Fiji,BelgiumRegion3,1
Randy Hernandez,Algeria,New ZealandRegion3,5
Kelly Johnson,Guinea,MauritaniaRegion2,4
Thomas Calhoun,Estonia,FranceRegion4,3
Cassandra Doyle,Puerto Rico,UzbekistanRegion1,5
Mr. Scott Palmer,Lao People's Democratic Republic,HondurasRegion2,5
Angela Ward,Norway,AlbaniaRegion5,4
Emily Mcdowell,Greenland,ChadRegion2,4
Emily Estrada,Pakistan,IsraelRegion1,1
Amber Rivera,Israel,IndiaRegion4,2
Danielle Molina,Kyrgyz Republic,Christmas IslandRegion5,3
David Williams,Liechtenstein,JordanRegion5,1
Joshua Ramos,Mongolia,MartiniqueRegion4,1
Gabriel Kennedy,Rwanda,Bouvet Island (Bouvetoya)Region1,4
Mr. Gary Elliott,French Southern Territories,Guinea-BissauRegion4,3
Dylan Soto,Faroe Islands,GabonRegion1,3
Jim Mathis,Bulgaria,Saint Vincent and the GrenadinesRegion4,4
Hunter Hanson,Libyan Arab Jamahiriya,CanadaRegion1,3
Derrick Smith,Lesotho,ComorosRegion3,5
Christopher Garza,Holy See (Vatican City State),ComorosRegion1,5
Benjamin Smith,France,Christmas IslandRegion1,4
Benjamin Johnston,Dominica,LatviaRegion1,2
Michael Gonzales,Bulgaria,Pitcairn IslandsRegion2,1
Michelle Drake,Tunisia,KazakhstanRegion3,3
Sarah Stewart,Dominican Republic,IcelandRegion4,4
Scott Lawrence,Belgium,IndiaRegion4,5
Daniel Stevens,Anguilla,Saint MartinRegion1,2
John Riddle,Argentina,IrelandRegion5,5
Sean Little,San Marino,BahamasRegion2,2
Ryan Cuevas,Timor-Leste,JapanRegion1,1
Krista Hill,Pakistan,GuadeloupeRegion4,3
Matthew Brandt,Colombia,SwedenRegion1,3
Scott Ross,Isle of Man,MongoliaRegion4,2
Emily Lynch,Belgium,SenegalRegion3,5
Stefanie Ward,Angola,ItalyRegion5,2
Martha Ball,Moldova,Sierra LeoneRegion4,3
Meghan Wagner,Congo,JamaicaRegion3,4
Christina Murphy,Costa Rica,RomaniaRegion1,2
Kristopher Pace,Kenya,LatviaRegion4,4
Kristin Yoder,Barbados,AustriaRegion4,3
Katie Murphy,Belgium,South Georgia and the South Sandwich IslandsRegion3,5
Antonio Harris,Falkland Islands (Malvinas),GuamRegion4,5
Janet Schultz,Tunisia,Saudi ArabiaRegion3,5
Christian Rodriguez,Cayman Islands,United Arab EmiratesRegion3,2
Sonya Hess,Uganda,QatarRegion4,3
Julie Joseph,Serbia,SenegalRegion5,2
Richard Lester,Kenya,IcelandRegion1,3
Sarah Perez,Brunei Darussalam,UgandaRegion5,1
Stacey Jones,Netherlands Antilles,EstoniaRegion2,2
Crystal Jackson,Ghana,SingaporeRegion3,1
Edwin Huff,Tunisia,Hong KongRegion4,4
Kristen Benitez,United States Virgin Islands,ParaguayRegion5,2
Steven Brown,Malaysia,GuatemalaRegion2,3
Justin Blackburn,Falkland Islands (Malvinas),GreenlandRegion1,5
Lee Cruz,Solomon Islands,CroatiaRegion2,3
Mr. Steven Graham,Vietnam,SwitzerlandRegion5,5
Ashley Foley,Armenia,Sierra LeoneRegion2,3
Jamie Tran,Honduras,NauruRegion2,2
Daniel Garcia,Bolivia,New ZealandRegion3,5
Jennifer Schultz,Cyprus,Christmas IslandRegion5,1
Diana Anderson,Serbia,Costa RicaRegion4,4
William Barnes,Reunion,BeninRegion3,5
Stephanie Clark,Guadeloupe,IraqRegion2,3
Maurice Bishop,Chile,PeruRegion1,1
Patrick Dawson,Uganda,BarbadosRegion3,3
Zachary Reeves,Netherlands Antilles,Sao Tome and PrincipeRegion4,2
Sean King,Singapore,Timor-LesteRegion5,2
Nicholas Wade,Faroe Islands,South Georgia and the South Sandwich IslandsRegion4,4
Mary Warner,Haiti,Cote d'IvoireRegion5,3
Diana Peterson,United Arab Emirates,SeychellesRegion4,1
Michael Walker,Azerbaijan,Saint MartinRegion3,3
Heidi Brown,Central African Republic,Heard Island and McDonald IslandsRegion2,1
Angela Farmer,Trinidad and Tobago,Dominican RepublicRegion4,2
Aaron Miller,Lesotho,ParaguayRegion1,1
Stanley Haynes,Nauru,SpainRegion2,5
Ryan Taylor,British Indian Ocean Territory (Chagos Archipelago),United KingdomRegion4,3
Katie Moran,British Indian Ocean Territory (Chagos Archipelago),IndonesiaRegion2,4
Brianna Wilson,Cyprus,TokelauRegion1,3
Joseph Boyer,Georgia,ReunionRegion5,3
Cynthia Williams,Equatorial Guinea,Pitcairn IslandsRegion3,5
Megan Cook,Andorra,TogoRegion4,3
Justin Wu,Timor-Leste,KenyaRegion1,4
William Barnett,Antigua and Barbuda,South Georgia and the South Sandwich IslandsRegion5,5
Joanna Rivera MD,Kuwait,IcelandRegion5,3
Bernard Ramos,Oman,ComorosRegion1,1
Paul Murphy,Netherlands,ChadRegion5,1
Bonnie Silva,Paraguay,Palestinian TerritoryRegion5,5
Michael Hayden,France,AngolaRegion5,5
Jennifer Huynh,Mauritania,SwazilandRegion2,2
Anita Zavala,Saint Vincent and the Grenadines,DominicaRegion2,2
Michele Edwards,Togo,SurinameRegion1,1
Cynthia Hale,Iraq,TaiwanRegion4,3
Roger Sanchez,Eritrea,MoldovaRegion2,4
James Watson,Kenya,AustraliaRegion3,2
David Torres,Sudan,BelizeRegion5,2
Courtney Campbell,Somalia,KiribatiRegion1,3
Richard Rodriguez,Bouvet Island (Bouvetoya),HungaryRegion5,1
Lisa Bartlett,Monaco,GabonRegion4,3
Katherine Adams,Myanmar,Hong KongRegion1,1
Joshua Thomas,Canada,Saint Pierre and MiquelonRegion5,1
Donald Harris,Gambia,GuineaRegion1,3
David Woods,China,SeychellesRegion3,2
Catherine Jones,Malaysia,EthiopiaRegion3,2
Jonathan Parker,United States Virgin Islands,AustraliaRegion4,1
Mary Stone,Taiwan,MalawiRegion2,2
Kenneth Caldwell,British Indian Ocean Territory (Chagos Archipelago),EstoniaRegion3,5
Daniel Chavez,Finland,BoliviaRegion1,4
Bonnie Reed,Chile,QatarRegion3,4
John Baker,Tanzania,CambodiaRegion3,3
Christopher Jimenez,Nigeria,United KingdomRegion4,4
Joseph Wells,Madagascar,MontserratRegion5,5
Steven Dixon,Mongolia,ChileRegion1,3
Tracy Johnson,China,EritreaRegion1,4
Catherine Robinson,Bouvet Island (Bouvetoya),MonacoRegion3,4
Kimberly Mooney,Kiribati,HungaryRegion2,1
Ricky Kelley,Venezuela,Sao Tome and PrincipeRegion3,1
Robert Carey,Guam,AlbaniaRegion5,4
Nicholas Thomas,Thailand,Czech RepublicRegion3,3
Erin Campbell,Heard Island and McDonald Islands,MalaysiaRegion2,5
Jordan Spears DVM,Saudi Arabia,SurinameRegion2,4
Terri Hall,Bolivia,ColombiaRegion4,2
April Hill,Eritrea,Solomon IslandsRegion5,1
Tiffany Fuller,Bahrain,MontenegroRegion5,1
Elizabeth Cruz,South Georgia and the South Sandwich Islands,British Indian Ocean Territory (Chagos Archipelago)Region2,3
Luke Baker,Norfolk Island,BermudaRegion3,2
Angela Mitchell,Lao People's Democratic Republic,Faroe IslandsRegion3,5
Maria Wong,Andorra,IraqRegion4,5
Joan Webb,British Indian Ocean Territory (Chagos Archipelago),SeychellesRegion2,4
Robert Morton,Saint Lucia,Cocos (Keeling) IslandsRegion3,2
Krystal Williams,Brunei Darussalam,AnguillaRegion2,5
William Pearson,Senegal,ArgentinaRegion4,2
Denise Bird,Dominica,British Indian Ocean Territory (Chagos Archipelago)Region5,5
Brandon Hinton,Lesotho,IranRegion4,3
Ian Cowan,Falkland Islands (Malvinas),QatarRegion4,5
Melissa Edwards,Montenegro,Sierra LeoneRegion3,2
Timothy Bullock,Cayman Islands,United States Minor Outlying IslandsRegion5,1
Kayla Hunter,Mayotte,UruguayRegion5,4
Brian Ramirez DDS,Fiji,LebanonRegion1,3
Cynthia Harrison,Ecuador,Slovakia (Slovak Republic)Region2,5
William Gross,Colombia,Costa RicaRegion1,2
Rebecca Kennedy,Jersey,IsraelRegion3,2
Brandon Joseph,Solomon Islands,Svalbard & Jan Mayen IslandsRegion1,4
Angela Weber,Samoa,OmanRegion2,3
Susan Baker,Cocos (Keeling) Islands,NetherlandsRegion1,1
Shawn Lin,Macedonia,Northern Mariana IslandsRegion4,3
Hannah Evans,Israel,IrelandRegion4,5
Timothy Brady,Norway,Saint HelenaRegion1,4
Ebony Rangel,Turkey,MauritiusRegion4,3
Henry Nelson,Reunion,Saint LuciaRegion3,1
Brett Thomas,Nigeria,EthiopiaRegion5,2
Kara Anderson,Montserrat,Slovakia (Slovak Republic)Region5,2
Jeffrey Matthews,Mali,MontenegroRegion5,5
Gary Gonzales,United Arab Emirates,AustriaRegion2,4
Gregory Beck,Spain,Puerto RicoRegion2,1
Jose Moss,New Caledonia,CanadaRegion1,5
Alyssa Kemp,Bahamas,ItalyRegion4,1
Robin Jones,Lebanon,MacedoniaRegion4,3
Robert Manning,Venezuela,Czech RepublicRegion4,5
Luis Ray,Indonesia,MicronesiaRegion2,5
Alexander Beard,Trinidad and Tobago,YemenRegion4,1
Emily Davis,Burkina Faso,LiberiaRegion4,3
Andrew Hoover,Czech Republic,YemenRegion2,5
Stephen Schroeder,Brunei Darussalam,GhanaRegion3,3
Michael Lutz,Sudan,SenegalRegion2,1
Luis Perez,Uganda,KuwaitRegion2,4
Dr. Cynthia Howell MD,Korea,Syrian Arab RepublicRegion5,4
Frank Cook,Netherlands,Turks and Caicos IslandsRegion3,4
Allison Lopez,United States of America,MexicoRegion2,1
Samantha Alexander,Trinidad and Tobago,MayotteRegion3,3
Danielle Carney,Congo,UruguayRegion4,2
William Lowe,French Polynesia,Saint Kitts and NevisRegion1,5
Christine Cabrera,Nigeria,Syrian Arab RepublicRegion1,5
Antonio Grant,Liberia,Libyan Arab JamahiriyaRegion2,2
Samuel Simmons,Belarus,JapanRegion3,1
Jessica Cruz,Bermuda,MacedoniaRegion5,1
Melinda Wright,Saint Barthelemy,Hong KongRegion3,5
Jeffrey Hood,Namibia,MoroccoRegion2,1
Kelsey Gonzalez,Samoa,SenegalRegion3,4
Danielle Smith,Holy See (Vatican City State),GermanyRegion3,5
Derek Miller,Barbados,LithuaniaRegion3,1
Dalton Boyd,Antarctica (the territory South of 60 deg S),Saint LuciaRegion5,1
Joyce Woodard,British Indian Ocean Territory (Chagos Archipelago),Faroe IslandsRegion1,2
Jason Harmon,American Samoa,SwitzerlandRegion1,4
Jonathan Reese,Botswana,Bosnia and HerzegovinaRegion3,3
Michael Burgess,Cook Islands,MartiniqueRegion4,2
Ms. Brenda Walker MD,Barbados,GreeceRegion1,2
Michael Poole,Japan,Faroe IslandsRegion1,3
Daniel Berg,Cote d'Ivoire,CongoRegion2,4
Terry Lee,Guatemala,GuyanaRegion4,1
Kevin Salas,Brunei Darussalam,CambodiaRegion5,1
Jacob Bartlett,Mexico,Burkina FasoRegion5,3
Sandra Bruce,Bahamas,South Georgia and the South Sandwich IslandsRegion4,3
Andre Reynolds,Tonga,SerbiaRegion2,4
Kaitlin Evans,French Guiana,American SamoaRegion3,3
Marisa Preston,Western Sahara,Guinea-BissauRegion2,5
Corey Barnes,Eritrea,ZambiaRegion4,3
William Barker,Vanuatu,NiueRegion1,3
Margaret Jackson,Turkey,Falkland Islands (Malvinas)Region1,2
Scott White,Reunion,AlbaniaRegion2,1
Chelsea Cabrera,Gambia,Libyan Arab JamahiriyaRegion1,3
Allison Luna,Tajikistan,AlgeriaRegion4,5
Mark Johnson,Bangladesh,Papua New GuineaRegion5,2
Mike Lee,Niger,KuwaitRegion5,5
Martha Johnson,Syrian Arab Republic,PalauRegion5,1
Christopher Ross,Aruba,KuwaitRegion3,1
Jaime Thompson,Seychelles,SerbiaRegion3,5
Kevin Forbes,Holy See (Vatican City State),BelgiumRegion5,3
John Cardenas,French Southern Territories,AlbaniaRegion5,2
Lance Cole,Anguilla,French GuianaRegion5,4
Daniel Jarvis,Niger,MauritaniaRegion5,1
Holly Blackwell,Tonga,EritreaRegion1,2
Michael Duncan,Pakistan,Trinidad and TobagoRegion1,4
Ashley Walker,Belize,LuxembourgRegion2,5
Brittany Young,Guyana,FinlandRegion4,2
Eugene Pruitt,South Africa,VenezuelaRegion1,3
Virginia Parker,Taiwan,DenmarkRegion5,3
Logan Malone,India,MoroccoRegion3,3
Richard Scott,Holy See (Vatican City State),KoreaRegion4,2
Michelle Rosario,Bhutan,NorwayRegion3,1
Courtney Monroe,Kyrgyz Republic,CanadaRegion4,3
Cynthia Wilkinson,Nigeria,MoldovaRegion2,1
Brandon Middleton,Afghanistan,PortugalRegion3,1
Laura Brown,Palau,NauruRegion2,1
Luke Malone,Bosnia and Herzegovina,TokelauRegion4,3
Elizabeth Jackson,Mozambique,Brunei DarussalamRegion2,1
Blake Gonzalez,Gibraltar,MauritaniaRegion2,5
Amy Smith,Bangladesh,French GuianaRegion3,5
Jonathan Smith,Japan,AndorraRegion2,4
William Newton,Grenada,BrazilRegion1,4
Rebecca West,Jordan,MongoliaRegion3,4
Jennifer Brown,Mozambique,BeninRegion4,4
William Miller,Faroe Islands,South Georgia and the South Sandwich IslandsRegion2,3
Keith Hayes,Yemen,LesothoRegion5,1
Tamara Mcgee,Sweden,TogoRegion5,2
Emily Levy,Bermuda,TokelauRegion1,3
Kayla Gutierrez,Macedonia,SamoaRegion5,4
Wayne Perry,Montenegro,Palestinian TerritoryRegion3,3
Austin Weaver,Seychelles,JamaicaRegion3,2
Rebecca Lewis,Hungary,RomaniaRegion2,3
Tammy Jones,Tajikistan,San MarinoRegion2,1
Michael Burgess,Mozambique,HaitiRegion2,1
Sarah Payne,Azerbaijan,UgandaRegion1,1
Michael Farmer,Andorra,Sierra LeoneRegion1,1
Mark Long,Pakistan,Northern Mariana IslandsRegion5,4
Aaron Clark,Mayotte,ChinaRegion1,4
Cassie Rice,Dominica,ThailandRegion4,4
Julie Johnson,Papua New Guinea,Saint Pierre and MiquelonRegion2,5
Catherine Lopez,South Georgia and the South Sandwich Islands,British Indian Ocean Territory (Chagos Archipelago)Region4,2
Lisa Briggs,San Marino,British Indian Ocean Territory (Chagos Archipelago)Region4,3
Dennis Pierce,Malta,Saint MartinRegion2,1
Phyllis Bailey,Pitcairn Islands,LithuaniaRegion1,2
Samuel Shelton,Saint Barthelemy,KenyaRegion3,5
Mary Black,Paraguay,MacedoniaRegion1,4
Kathryn Burton,Burundi,RwandaRegion4,4
Aaron Steele,Hungary,VenezuelaRegion2,2
Steven Bean,South Georgia and the South Sandwich Islands,United States of AmericaRegion4,2
Laura Allison,Oman,SeychellesRegion4,5
Sarah Anderson,Congo,BurundiRegion1,1
Susan Valencia,Australia,BahrainRegion4,2
Jason Hanson,Lithuania,GreeceRegion5,4
Christopher Moss,Gabon,BoliviaRegion2,1
John Cruz,Somalia,KuwaitRegion4,2
William Collins,Lao People's Democratic Republic,ZimbabweRegion3,2
Joseph Rush,Japan,BotswanaRegion2,3
Anthony Collins,Bhutan,PolandRegion2,3
Dawn Hill,Cote d'Ivoire,TogoRegion1,2
Marie Watson,Hungary,Saint Vincent and the GrenadinesRegion5,1
Brian Payne,Turkmenistan,SpainRegion2,2
Gregory Arroyo,Timor-Leste,CongoRegion4,3
Jamie Elliott,Egypt,PanamaRegion2,1
David Franco,Lao People's Democratic Republic,ArubaRegion3,5
Jamie Romero,Ukraine,AzerbaijanRegion4,2
Adam Fields,Gabon,MexicoRegion3,2
Clinton Lang,Belgium,ChileRegion5,5
Joshua Cunningham,Congo,PakistanRegion3,5
Nancy Johnston,Benin,OmanRegion4,5
Anthony Whitney,Armenia,Saudi ArabiaRegion2,5
Anthony Riley,Sudan,Equatorial GuineaRegion5,2
Carol Molina,Mauritania,Bouvet Island (Bouvetoya)Region4,5
Johnny Robinson,Guyana,American SamoaRegion2,4
Ashley Carroll,Lebanon,CambodiaRegion4,3
Amanda Williams,Chad,NigeriaRegion4,3
Taylor Bowman,Cambodia,Central African RepublicRegion5,3
Darrell Carr,Switzerland,MayotteRegion5,1
Maria Rice,Eritrea,SingaporeRegion2,4
Monica Pearson,Russian Federation,SeychellesRegion1,1
Jocelyn Jones,United Arab Emirates,SloveniaRegion5,4
Anita Jones,Comoros,FijiRegion2,3
Jessica Smith,Philippines,British Indian Ocean Territory (Chagos Archipelago)Region1,3
Paula Short,Korea,ArubaRegion4,1
Danielle Wu,Turks and Caicos Islands,CongoRegion1,5
Paul Brooks,Papua New Guinea,MoroccoRegion4,4
Mr. Isaac Wilson,Ethiopia,Slovakia (Slovak Republic)Region4,3
Tamara Jackson,Jamaica,PhilippinesRegion1,2
Darrell Ellis,United States Minor Outlying Islands,NicaraguaRegion5,5
Emily Grant,Solomon Islands,NetherlandsRegion4,1
Courtney Young,Pitcairn Islands,LesothoRegion4,2
Rebecca Wright,Angola,JapanRegion5,1
Theresa Thompson,Andorra,PakistanRegion4,1
Tiffany Neal,Antarctica (the territory South of 60 deg S),BrazilRegion3,1
Curtis Ruiz Jr.,Oman,ChadRegion1,5
Jennifer Boyle,Hungary,TokelauRegion2,4
Jonathan Cummings,Malta,QatarRegion2,3
Deborah Joseph,Antigua and Barbuda,SpainRegion4,3
Stephanie Brown,Ethiopia,RomaniaRegion1,5
Terry Jones,Korea,UgandaRegion4,2
Lori Barnes MD,Micronesia,MauritaniaRegion4,1
David Kelly,Jordan,Timor-LesteRegion4,3
Henry Bell,Libyan Arab Jamahiriya,GreenlandRegion4,1
David Young,Bahamas,MacedoniaRegion4,3
Brittany Townsend,Greenland,Puerto RicoRegion2,4
Cameron Kirby,Azerbaijan,Timor-LesteRegion3,4
Samantha Morris,Svalbard & Jan Mayen Islands,NamibiaRegion5,3
Brenda Mccarty,Turks and Caicos Islands,BahamasRegion4,3
Douglas Diaz,Solomon Islands,TurkeyRegion3,5
Daniel Marsh,Sri Lanka,CongoRegion1,2
Michael Sullivan,Qatar,British Virgin IslandsRegion4,5
Justin Wallace,Vanuatu,AlgeriaRegion4,1
Jason Sanchez,Mali,Bosnia and HerzegovinaRegion3,2
Amber Cox,Nauru,French Southern TerritoriesRegion3,5
Dean Vazquez,Afghanistan,MacaoRegion1,3
Jose Avery,Bangladesh,Lao People's Democratic RepublicRegion3,1
Cynthia Black,Honduras,Netherlands AntillesRegion5,5
Kelly Liu,Sweden,ChileRegion2,4
Scott Murphy,Haiti,MonacoRegion4,3
George Wagner,Timor-Leste,Palestinian TerritoryRegion2,1
Casey Sellers,Guam,SudanRegion4,3
James Santana,Pitcairn Islands,Holy See (Vatican City State)Region4,2
Mark Bass,Belarus,Lao People's Democratic RepublicRegion1,1
Howard Anderson,Turks and Caicos Islands,NauruRegion3,2
Sierra Moore,Isle of Man,ZimbabweRegion2,2
James Ellis,Egypt,CanadaRegion2,4
Mrs. Theresa Brown,Germany,French Southern TerritoriesRegion4,4
Toni Green,Norway,JamaicaRegion4,4
Jessica Tyler,United Arab Emirates,AndorraRegion3,2
Christopher Robertson,Ireland,MaliRegion1,2
James Black,Nicaragua,Turks and Caicos IslandsRegion3,3
Erica Harmon,Brazil,GuineaRegion4,3
Jeffrey Smith,Cape Verde,MaldivesRegion3,3
Amanda Davis,Heard Island and McDonald Islands,MaltaRegion5,4
Madison Robinson,Wallis and Futuna,GuadeloupeRegion5,3
Alexandra Gentry,Syrian Arab Republic,Dominican RepublicRegion1,1
Lauren Bennett,Fiji,CroatiaRegion1,5
Kevin Clark,France,MyanmarRegion3,1
Sherry Brown,Eritrea,PakistanRegion2,5
Joshua Morris,Vietnam,SomaliaRegion1,2
Michael Ray,Hong Kong,TuvaluRegion2,4
Joshua Powers,Guernsey,TogoRegion1,1
Christina Williams,Indonesia,OmanRegion1,5
Leslie Bailey,Guinea,NicaraguaRegion4,3
Kylie Schmidt,New Zealand,MaldivesRegion2,4
Katherine Hardin,Germany,GuineaRegion1,2
Michael Martin,Gabon,AngolaRegion2,1
Kenneth Walker,Timor-Leste,MauritiusRegion5,2
Wayne Choi,El Salvador,Costa RicaRegion4,4
Maria Nichols,United States Virgin Islands,GuatemalaRegion3,4
Brian Mercado,South Georgia and the South Sandwich Islands,Saint Pierre and MiquelonRegion4,1
Robert Forbes,British Indian Ocean Territory (Chagos Archipelago),United States Minor Outlying IslandsRegion2,5
Kristen White,Malawi,SingaporeRegion4,3
Leslie Parker,United States Virgin Islands,NiueRegion5,3
Jennifer Horton,Hungary,Saint LuciaRegion3,1
Danny Higgins,Malaysia,LebanonRegion4,5
Cynthia Sanchez MD,Lebanon,Burkina FasoRegion3,1
Brooke Wilson,Lao People's Democratic Republic,DjiboutiRegion4,3
Paul Montgomery,Niue,TogoRegion3,5
Sandra Nelson,Bulgaria,EcuadorRegion4,5
Kaitlyn Baker,Haiti,French Southern TerritoriesRegion3,4
Amanda Peterson,Bulgaria,Cote d'IvoireRegion4,2
Jason Gray,Czech Republic,Cote d'IvoireRegion2,2
Donna Murray,Saint Barthelemy,IsraelRegion1,4
Sean Lopez,Afghanistan,IraqRegion4,4
Andrew Jenkins,Norway,LithuaniaRegion4,4
Margaret Gordon,Togo,Equatorial GuineaRegion1,5
Amanda Miller,Cape Verde,UgandaRegion2,1
Paul Wilson,Bolivia,Burkina FasoRegion4,1
Gabrielle Austin MD,Afghanistan,SwazilandRegion2,5
Douglas Baker,Moldova,ChinaRegion5,1
Christopher Figueroa,Turkmenistan,ZimbabweRegion5,2
Holly Wilson,Mauritania,BulgariaRegion2,3
Julie Michael,Jersey,JordanRegion4,1
Linda Gonzalez,Bosnia and Herzegovina,MaliRegion2,2
Robert Mendez,Jordan,EstoniaRegion2,5
Adam Lin,Trinidad and Tobago,MauritaniaRegion5,5
Cassandra White,Svalbard & Jan Mayen Islands,MacedoniaRegion4,3
Heather Padilla,El Salvador,British Indian Ocean Territory (Chagos Archipelago)Region4,1
Jennifer Williams,Libyan Arab Jamahiriya,DjiboutiRegion4,1
Heather Hester,Kiribati,JordanRegion3,2
Susan Henry,Myanmar,CubaRegion2,2
Elizabeth Hayes,Rwanda,MayotteRegion1,5
Aaron Villegas,Dominican Republic,SerbiaRegion1,5
Michele West,Guinea,AfghanistanRegion3,2
Elizabeth Hughes,Montenegro,HaitiRegion5,5
Jill Wilcox,Mexico,NigerRegion3,5
Mario Carter,Jordan,Costa RicaRegion2,3
William Cherry,Burundi,KenyaRegion5,3
Katherine Mcneil,Jordan,ArmeniaRegion2,1
David Adams,Kazakhstan,AustraliaRegion1,2
Tony Roman,Bosnia and Herzegovina,United Arab EmiratesRegion5,3
David Riddle,Togo,IndonesiaRegion4,4
Michael Brown,Djibouti,French Southern TerritoriesRegion1,3
Cody Ingram,Kuwait,NorwayRegion3,4
Lisa Moore,Moldova,HaitiRegion2,4
Sandra Gonzalez,Belarus,BahrainRegion4,2
Joseph Hudson,Tunisia,FinlandRegion3,1
Kimberly Davis,Djibouti,CongoRegion3,2
Jaime Pineda,Swaziland,LiberiaRegion3,1
Laura Waters,Malawi,United Arab EmiratesRegion3,4
Mary Smith,Thailand,BarbadosRegion2,4
Timothy West,Liberia,HungaryRegion4,3
Susan Wells,Ukraine,AnguillaRegion1,5
William Norris,Georgia,RomaniaRegion3,4
Barbara Irwin,Guinea-Bissau,RwandaRegion4,1
Linda Smith,Mozambique,GuernseyRegion5,5
Michelle Odom,Luxembourg,Norfolk IslandRegion4,4
April Smith,Mali,QatarRegion2,5
Jennifer Wilson,Morocco,VenezuelaRegion2,2
Brittany Pearson,Tunisia,MyanmarRegion1,5
Jenny Stewart,Turkey,BrazilRegion1,5
Nathan Cameron,Estonia,Lao People's Democratic RepublicRegion4,3
Aaron Smith,Saint Martin,DominicaRegion2,5
Steven Baker,Tonga,KuwaitRegion3,1
Nathan Franco,Uganda,GibraltarRegion1,3
Michelle Wallace MD,Hungary,FinlandRegion5,3
Martin Singleton,Albania,Lao People's Democratic RepublicRegion1,5
Heather Schultz,Congo,New ZealandRegion3,3
Jennifer Foster,Guernsey,Hong KongRegion2,4
Dr. Eric Thomas Jr.,Norfolk Island,CubaRegion5,2
Melissa Valenzuela,Central African Republic,American SamoaRegion1,2
Jessica Robinson,Yemen,FinlandRegion5,3
Charles Thompson,Slovakia (Slovak Republic),LesothoRegion2,3
Stacey Henderson,Kyrgyz Republic,AngolaRegion4,3
Rebecca Castillo,Indonesia,SenegalRegion2,2
Andrew Galloway,Congo,BahamasRegion2,1
Jason Parrish,Kyrgyz Republic,Czech RepublicRegion1,1
Michelle Wells,Cyprus,SwedenRegion1,4
Jonathan Arnold,Solomon Islands,QatarRegion4,2
Ryan Edwards,Tonga,ThailandRegion4,3
Jill Johnson,Namibia,AnguillaRegion1,5
Jennifer Crawford,French Guiana,LiechtensteinRegion5,1
Michele Campbell,Qatar,GreenlandRegion1,2
Cassandra Gray,Cote d'Ivoire,Marshall IslandsRegion5,2
Diana Cardenas,Kyrgyz Republic,Saint BarthelemyRegion5,1
Natalie Miles,Portugal,Guinea-BissauRegion5,4
Aaron Hill,Poland,RwandaRegion4,1
Benjamin Murillo,Martinique,Central African RepublicRegion1,1
Olivia Sanchez,Macao,MozambiqueRegion2,3
Daniel Wagner,Cayman Islands,United KingdomRegion3,2
Gerald Peterson,Bhutan,ThailandRegion1,2
Caleb Graham,Palau,SeychellesRegion3,3
Emily Clements,Montserrat,JamaicaRegion1,1
Jacqueline Kennedy,Philippines,Cote d'IvoireRegion2,3
Christine Beck,Aruba,FijiRegion2,1
Crystal Ruiz,South Georgia and the South Sandwich Islands,NigerRegion5,3
Alexandra Riggs,Congo,Cayman IslandsRegion3,5
Sean Lopez,Lesotho,GrenadaRegion2,1
Morgan Brooks DDS,Suriname,PolandRegion5,5
Ryan Williams,Burkina Faso,Palestinian TerritoryRegion1,4
Christopher Gonzalez,Ethiopia,Guinea-BissauRegion1,5
Dr. Jamie Crawford,Canada,MartiniqueRegion4,2
Daniel Henson,French Polynesia,ParaguayRegion4,2
Eddie Vang,Mozambique,IsraelRegion2,5
Jamie Anderson,China,ChadRegion4,3
Amanda Underwood,Heard Island and McDonald Islands,BelarusRegion1,2
Rebecca Davis,Germany,BhutanRegion3,3
Michael Morgan,Latvia,LatviaRegion1,1
Carlos Bolton,Zimbabwe,Puerto RicoRegion4,1
Dakota Arnold,Heard Island and McDonald Islands,PanamaRegion4,5
Elizabeth Mullins,Ecuador,DenmarkRegion1,1
Michael Brown,Botswana,MontenegroRegion1,5
Belinda Arroyo,Greece,KoreaRegion1,4
Jill Hill,Ethiopia,BelizeRegion2,3
Michele Miranda,Benin,SwitzerlandRegion3,4
John Bates,Guam,MauritiusRegion4,3
Russell King,Sierra Leone,VanuatuRegion1,2
Eric Osborne,Bulgaria,TongaRegion3,1
Cheryl White,Bahrain,Slovakia (Slovak Republic)Region4,5
Jonathan Herrera,Bahamas,IraqRegion5,3
Curtis Lin,Liechtenstein,GuadeloupeRegion1,4
John West,Honduras,New CaledoniaRegion4,3
Travis Briggs,Lithuania,Solomon IslandsRegion4,5
Kiara Alvarez,Solomon Islands,Heard Island and McDonald IslandsRegion3,2
Katrina Riddle,Papua New Guinea,Costa RicaRegion4,4
Jamie Butler,Sierra Leone,MalawiRegion3,5
Jenny Romero,Senegal,AfghanistanRegion2,5
Danny Thomas PhD,Mali,Heard Island and McDonald IslandsRegion1,4
Keith Cole,Vanuatu,ItalyRegion5,4
Gregory Thomas,Bulgaria,MartiniqueRegion3,3
Donna Stevens,Costa Rica,KuwaitRegion2,5
Michael Banks,Korea,UruguayRegion3,2
Mary Wilson,Congo,SurinameRegion2,3
Robert Rogers,Austria,Western SaharaRegion1,1
Katherine White,Senegal,VanuatuRegion1,2
Thomas Wilson,Eritrea,SingaporeRegion4,2
Vickie Wright,Swaziland,MaldivesRegion4,4
Brittany Howell,Pitcairn Islands,HungaryRegion5,2
Jeffrey Levy,Dominican Republic,MaldivesRegion1,4
Stephen Gonzalez,Gabon,MoroccoRegion3,3
Justin Flores,Holy See (Vatican City State),NorwayRegion4,5
Howard Carter,Finland,BeninRegion1,2
David Doyle,Paraguay,ReunionRegion4,3
Valerie Orr,Oman,GabonRegion3,3
Julie Wise,Georgia,MartiniqueRegion5,3
Karen Jackson,Slovenia,CubaRegion3,3
Mrs. Teresa Bailey,Chad,Libyan Arab JamahiriyaRegion5,2
Christian Campbell,New Caledonia,LuxembourgRegion4,4
Paul Wilson,Algeria,LiberiaRegion5,1
Lisa Allen,Mongolia,MyanmarRegion2,1
Ethan Townsend,French Southern Territories,South Georgia and the South Sandwich IslandsRegion5,1
Samuel Hill,Saint Barthelemy,GhanaRegion2,4
Stacey Brown,Palau,MaldivesRegion4,4
Luis Robertson,Wallis and Futuna,BarbadosRegion1,1
Troy Bell,Micronesia,NepalRegion2,1
Edward Cook,Sudan,Palestinian TerritoryRegion5,2
Colleen Sawyer MD,Venezuela,Syrian Arab RepublicRegion3,5
Phillip Colon,Maldives,EgyptRegion2,1
Martha Blair,Dominican Republic,CongoRegion1,2
Carrie Mueller,Latvia,AustraliaRegion1,5
Kathy Merritt,Iceland,Cape VerdeRegion1,2
Randall Prince II,Djibouti,Falkland Islands (Malvinas)Region2,1
Jo Webster,Bangladesh,SloveniaRegion2,4
Keith Sanchez,Nauru,Heard Island and McDonald IslandsRegion1,4
Jennifer Moore,Tajikistan,IraqRegion2,4
Stephen Johnson,Bulgaria,GibraltarRegion3,4
Jay Rivera,Greece,DominicaRegion3,3
Joseph Bradford,Libyan Arab Jamahiriya,IraqRegion3,4
Carmen Davis,Nicaragua,Bouvet Island (Bouvetoya)Region5,1
Ashley Vargas,Lithuania,ParaguayRegion4,2
Lisa Jones,Kenya,TurkeyRegion4,3
William Dawson,Malaysia,KenyaRegion1,4
Stacey Lynch,Mauritius,BurundiRegion5,1
Eric Roberts,Falkland Islands (Malvinas),BelgiumRegion3,3
Mark Powers,Denmark,Wallis and FutunaRegion5,2
John Ashley,Micronesia,Cape VerdeRegion2,5
Robert Jordan,Israel,ChinaRegion3,5
Mary Washington,India,TogoRegion5,4
Sandra Roth,Madagascar,OmanRegion1,4
Cheryl Palmer,Egypt,Saint BarthelemyRegion1,1
Emily Eaton,Cambodia,American SamoaRegion5,5
Michael Ortega,Saint Kitts and Nevis,BermudaRegion1,3
Cynthia Irwin,Bouvet Island (Bouvetoya),IndiaRegion4,1
Elizabeth Brown,Uzbekistan,JapanRegion3,2
Michelle Baker,Svalbard & Jan Mayen Islands,GreenlandRegion3,1
Chelsey Hooper,Christmas Island,NigerRegion1,3
Leah Perry,Cocos (Keeling) Islands,ChileRegion3,1
Jennifer Patterson,Congo,Hong KongRegion2,1
Anne Ponce,Antarctica (the territory South of 60 deg S),IranRegion2,2
Kenneth Peterson,Mozambique,Libyan Arab JamahiriyaRegion4,5
Joshua Taylor,Saint Barthelemy,AustriaRegion4,2
Richard Davis,France,Saint Pierre and MiquelonRegion2,4
Christopher Hall,United Kingdom,CubaRegion2,3
Sean Arroyo,Guernsey,MaldivesRegion1,3
Nathaniel Davis,Andorra,Papua New GuineaRegion2,5
Kimberly Willis,Cape Verde,Falkland Islands (Malvinas)Region2,3
Nichole Johnson,Marshall Islands,British Indian Ocean Territory (Chagos Archipelago)Region4,2
Michael Jensen,Dominican Republic,JerseyRegion3,5
Michael Gibbs,Costa Rica,MalawiRegion5,2
Madison Wright,New Caledonia,TongaRegion3,4
Erika Taylor,Malaysia,SamoaRegion3,3
Sean Flynn,Guernsey,PolandRegion4,5
Tammy Wood,Somalia,LiberiaRegion3,5
Cody Baker,Turkmenistan,United States of AmericaRegion5,1
Roger Montoya,Venezuela,ColombiaRegion5,4
Lisa Tucker,Saint Helena,CanadaRegion2,1
Anna Erickson,Trinidad and Tobago,NicaraguaRegion5,4
Steve Rodgers,Bulgaria,SpainRegion5,4
Peggy Harrison,Djibouti,NamibiaRegion2,3
John Lambert,Lithuania,UgandaRegion1,3
Jacob Short,Belarus,IraqRegion2,1
Michael Lane,Korea,MicronesiaRegion2,4
Carl Dean,Falkland Islands (Malvinas),AustraliaRegion4,5
Jessica Little,Bouvet Island (Bouvetoya),EritreaRegion2,2
Christy Gonzales,Turkmenistan,PanamaRegion2,3
Carlos Allen,Uruguay,HaitiRegion2,1
Kathy Walker,American Samoa,BelizeRegion2,1
Justin Salazar,Togo,Saint Vincent and the GrenadinesRegion2,3
Norma Jones,Bouvet Island (Bouvetoya),KazakhstanRegion1,1
Kelly Mcintosh,Albania,Saint Vincent and the GrenadinesRegion3,4
Karen Landry,Kenya,KiribatiRegion3,5
Catherine Coleman,Jersey,TokelauRegion5,2
Brent Green,Guadeloupe,Kyrgyz RepublicRegion1,1
Benjamin Harvey PhD,Mali,BangladeshRegion1,2
Felicia Dawson,Sierra Leone,CroatiaRegion4,5
Joshua Benson,Cameroon,TurkmenistanRegion4,4
Sherri Morris,Serbia,CroatiaRegion4,5
Rebecca Walters,Monaco,MontserratRegion4,1
Jacob Neal,Equatorial Guinea,VanuatuRegion2,2
Robert Brown,Congo,SerbiaRegion1,4
Calvin Black,Swaziland,NetherlandsRegion1,3
Heather Stone,China,Dominican RepublicRegion5,1
Natalie Lara,United States Virgin Islands,SingaporeRegion1,1
Ryan Watts,Togo,Guinea-BissauRegion1,2
Jacob Alvarado,Bangladesh,GhanaRegion3,4
Rebecca Ruiz,Kazakhstan,RwandaRegion5,1
Tanya Jackson,Congo,MicronesiaRegion5,3
Debbie Ellison,Cameroon,NiueRegion2,5
Destiny Anderson,Saint Barthelemy,French GuianaRegion3,5
Renee White,Sweden,TanzaniaRegion2,2
Samuel Whitaker,Russian Federation,BulgariaRegion4,1
Meagan Robinson,Martinique,MayotteRegion4,3
Ashley Jackson,Iran,Marshall IslandsRegion1,1
Lori Reed,Sri Lanka,Saint MartinRegion1,5
Kyle Mckinney,Mali,Slovakia (Slovak Republic)Region2,1
Dana Doyle,China,ParaguayRegion1,4
Mark Weaver,Reunion,Papua New GuineaRegion2,3
Richard Brown,Kyrgyz Republic,CameroonRegion1,2
Wanda Miller,Mongolia,Marshall IslandsRegion3,3
Ronald Parker,Saint Martin,EthiopiaRegion1,2
Laura Williams,Turks and Caicos Islands,Equatorial GuineaRegion5,3
Melissa Bell,Djibouti,Timor-LesteRegion3,1
Martha Humphrey,Somalia,Puerto RicoRegion5,5
Tina Moore,United States Minor Outlying Islands,MaldivesRegion5,5
Matthew Salazar,Turkey,EstoniaRegion1,5
Leslie Smith,Tanzania,BurundiRegion4,5
Jonathan Nelson,Cambodia,UzbekistanRegion1,5
Angela May,Guernsey,United Arab EmiratesRegion5,4
Heather Wagner,Syrian Arab Republic,Norfolk IslandRegion4,2
Todd Roman,Isle of Man,BoliviaRegion1,3
Raymond Gibson PhD,Poland,JordanRegion3,3
Leonard Smith,Estonia,SpainRegion4,3
Steven Powell,Honduras,IrelandRegion3,5
Amy Edwards,Bhutan,MadagascarRegion3,1
Oscar Gonzalez,Guatemala,ComorosRegion4,5
Edward Moore,Egypt,AustraliaRegion4,5
Toni Hughes,Tuvalu,United States Virgin IslandsRegion3,4
Monica Collier,Northern Mariana Islands,Central African RepublicRegion5,2
Alexandria Bell,Slovenia,NauruRegion4,5
Francisco Walter,Niger,SwitzerlandRegion2,5
Kristen Hunt,Lithuania,BhutanRegion4,3
Ryan Baxter,Saint Vincent and the Grenadines,KoreaRegion5,4
Brenda Parker,Hong Kong,NorwayRegion5,3
Anthony Smith,Liberia,GeorgiaRegion3,3
Lori Wilson,Mauritius,HungaryRegion3,4
Christopher Hall,Tajikistan,Trinidad and TobagoRegion4,4
Matthew Parrish,Chile,BulgariaRegion3,4
Paula Brooks,Turkey,TaiwanRegion3,2
Michael Jackson,British Virgin Islands,CameroonRegion1,4
Amber Randall,Seychelles,SwazilandRegion4,3
Lucas Miller,Cote d'Ivoire,United States Virgin IslandsRegion1,3
Shannon Martin,Mozambique,CroatiaRegion3,3
David Douglas,Heard Island and McDonald Islands,CongoRegion4,1
Joseph Davis,Benin,MozambiqueRegion3,3
Catherine Sandoval,United States Minor Outlying Islands,SwazilandRegion3,2
Sean Day,Tuvalu,Russian FederationRegion3,1
Haley Mills,Bangladesh,Brunei DarussalamRegion3,2
Sylvia Patrick,Grenada,PortugalRegion5,4
Caitlyn Washington,Czech Republic,PanamaRegion4,4
Jennifer Cruz,Swaziland,NepalRegion1,3
Nicholas Clark,Lao People's Democratic Republic,SurinameRegion4,2
Mallory Summers,Sierra Leone,SerbiaRegion4,1
Christopher Wilson,Nepal,CameroonRegion2,2
Jonathan Beck,Botswana,GuamRegion5,5
Michael Payne,Christmas Island,BhutanRegion5,4
April Thompson,Mali,MacedoniaRegion3,3
Christopher Johnson,Iraq,MonacoRegion1,3
Cristina Cabrera,Pitcairn Islands,MartiniqueRegion4,3
Antonio Orozco,Myanmar,RomaniaRegion1,3
Michelle White,Nepal,French PolynesiaRegion1,3
Mary Vega,Netherlands,Dominican RepublicRegion3,3
Amy Oneill,American Samoa,OmanRegion2,4
Leslie Bass,Tonga,Guinea-BissauRegion1,3
Dr. Daniel Davis,Saint Pierre and Miquelon,GuamRegion2,5
Kim Wilson,Palestinian Territory,BoliviaRegion1,2
Richard Lewis,French Polynesia,EstoniaRegion3,2
Todd Page,Hong Kong,KoreaRegion5,5
Stephanie Simpson,Gibraltar,Puerto RicoRegion4,3
James Gonzalez,Gambia,Sao Tome and PrincipeRegion3,1
Robert Guzman,Equatorial Guinea,Czech RepublicRegion2,2
Andrew Bush,Antarctica (the territory South of 60 deg S),Falkland Islands (Malvinas)Region4,3
Daniel Cross,Cocos (Keeling) Islands,AustraliaRegion1,1
Amy Armstrong,Trinidad and Tobago,SomaliaRegion2,2
Deborah Wilson,Sudan,CameroonRegion2,3
Jonathan Warren,Greece,TurkeyRegion4,2
Elizabeth Becker,Kenya,VenezuelaRegion1,1
Kelly Hall,Vietnam,Cote d'IvoireRegion1,2
Amanda Berg,Panama,GambiaRegion5,3
Randall Cruz,Saint Vincent and the Grenadines,Saudi ArabiaRegion5,3
Richard Smith,Ukraine,Equatorial GuineaRegion3,4
Margaret Pruitt,Gambia,MacedoniaRegion5,3
Christine Rogers,Haiti,CambodiaRegion4,4
Brittany Wilson,British Virgin Islands,BrazilRegion1,4
Paul Flores,Venezuela,DenmarkRegion2,2
Jesus Williams,Cook Islands,NigerRegion4,5
Adam Gonzalez,Afghanistan,Syrian Arab RepublicRegion3,2
Andrew Hernandez,Anguilla,AzerbaijanRegion5,2
Richard Simmons,Faroe Islands,TurkmenistanRegion5,4
Jeffrey Duarte,Mongolia,MayotteRegion2,3
Sarah Hopkins,Madagascar,Cocos (Keeling) IslandsRegion5,3
Kristen Thomas,Romania,NamibiaRegion2,5
Kenneth Avila,Cameroon,Palestinian TerritoryRegion3,1
Melissa Martin,Brazil,Christmas IslandRegion4,1
Bethany Foster,Argentina,TanzaniaRegion1,2
Anthony Scott,Vanuatu,BotswanaRegion1,3
Julie Ferguson,Bangladesh,AnguillaRegion4,1
Kelly Hill,Tonga,Saint Pierre and MiquelonRegion5,2
Dean Calderon,Syrian Arab Republic,TurkmenistanRegion5,3
Laura Young,Liechtenstein,VietnamRegion5,5
Dylan Holloway,Niue,PortugalRegion3,4
Catherine Ramirez,American Samoa,IraqRegion3,3
Leah Mcdowell,Greenland,BahamasRegion3,3
Christopher Rodriguez,Seychelles,LiechtensteinRegion2,2
Elizabeth Johnson,Lao People's Democratic Republic,Slovakia (Slovak Republic)Region1,1
Justin Fowler,Saint Martin,Trinidad and TobagoRegion2,3
Joshua Carpenter,Kuwait,MonacoRegion4,2
Kenneth Colon,Macedonia,MicronesiaRegion4,4
Tracy Barton,Rwanda,MauritaniaRegion5,2
Joshua May,Palau,ZimbabweRegion5,5
Joseph Scott,South Georgia and the South Sandwich Islands,SwitzerlandRegion4,4
Nathaniel Morrison,Comoros,Saint HelenaRegion1,4
Crystal Martin,Cameroon,MayotteRegion4,5
Robert Berg,Andorra,Kyrgyz RepublicRegion3,1
Rachel Mason,Argentina,Falkland Islands (Malvinas)Region1,1
Dawn Vasquez,Myanmar,United States Minor Outlying IslandsRegion4,2
Shawn Robinson,Bangladesh,NamibiaRegion1,2
Patty Delacruz,Mauritius,AfghanistanRegion5,1
Colin Hodges,Austria,South Georgia and the South Sandwich IslandsRegion5,1
Jacqueline Smith,Belgium,GrenadaRegion2,5
James Smith,Somalia,French Southern TerritoriesRegion2,1
Elizabeth Nelson,Saint Kitts and Nevis,CameroonRegion1,4
Sara Stevenson,Mayotte,ArmeniaRegion5,5
Caleb Martin,Spain,MaldivesRegion5,5
Miranda Wallace,Hong Kong,SenegalRegion5,4
Bobby Gibson,Bouvet Island (Bouvetoya),New ZealandRegion2,4
Alison Jackson,Guinea-Bissau,LatviaRegion3,5
Jose Benitez,Sudan,New CaledoniaRegion5,1
Patrick Patterson,Libyan Arab Jamahiriya,BotswanaRegion5,4
Deborah Johnson,United States Minor Outlying Islands,BarbadosRegion3,2
Donna Brown,Congo,MontenegroRegion2,1
Joseph Waters,Brunei Darussalam,GuyanaRegion2,1
Jill Franco,Indonesia,SomaliaRegion5,4
Wanda Meyer,Suriname,NauruRegion5,3
Daniel Farmer,Korea,NicaraguaRegion1,2
Omar Mitchell,Netherlands Antilles,JordanRegion3,3
Kaitlyn Parrish,Guadeloupe,JapanRegion3,3
Audrey Nguyen,Christmas Island,GuineaRegion5,2
Brittney Allen,Tajikistan,Sao Tome and PrincipeRegion1,5
Stacy Jones,Jersey,ChileRegion4,5
Jessica Nash,Bosnia and Herzegovina,Guinea-BissauRegion2,2
Linda Kim,Nepal,JerseyRegion2,2
Jennifer Tucker,Bulgaria,GibraltarRegion2,3
Ashley Thomas,Iraq,YemenRegion3,3
Ricky Murray,Nauru,OmanRegion5,5
Patrick Ortiz,Thailand,MayotteRegion3,1
Chloe Moss,Portugal,UgandaRegion4,1
Andrea Powers,Niue,BangladeshRegion5,5
Brian Dickson MD,Russian Federation,MontenegroRegion1,2
William Bender,Malawi,AfghanistanRegion3,1
Mr. Joseph Sanchez,Cayman Islands,TokelauRegion3,3
Wayne Hamilton,Vanuatu,French GuianaRegion5,3
Chad Watts,Lesotho,GeorgiaRegion4,1
Amber Ruiz,Barbados,NorwayRegion1,5
Sylvia Crawford,Christmas Island,MyanmarRegion2,4
Sharon Griffin,Angola,Trinidad and TobagoRegion3,4
Sandra Golden,Guinea-Bissau,ArgentinaRegion1,4
Briana Leblanc,Saint Barthelemy,AustraliaRegion1,1
Austin Perez,Yemen,PanamaRegion1,5
Carrie Lowe,Burkina Faso,Costa RicaRegion3,4
Kyle Chapman,Singapore,LithuaniaRegion1,3
Sally Juarez,French Southern Territories,Heard Island and McDonald IslandsRegion3,4
Michael Deleon,Bermuda,Trinidad and TobagoRegion1,2
Bryan Olson,Cote d'Ivoire,AzerbaijanRegion3,4
Kimberly Stokes,Cambodia,QatarRegion1,2
Andrea Johnson,Portugal,MongoliaRegion3,2
Lauren Ryan MD,Switzerland,ArubaRegion2,2
Carolyn Patel,Canada,French Southern TerritoriesRegion3,4
Angela Wilson,French Southern Territories,SamoaRegion3,5
Christine Garcia,Northern Mariana Islands,Cape VerdeRegion1,1
Laurie Barrera,Somalia,Sri LankaRegion2,2
Felicia Lee,Hungary,MauritiusRegion5,5
